,0,1,2
0,"<h2 class=""sb-heading text-md pb3 text-bold"" tabindex=""-1"">Americanos</h2>","<hr aria-hidden=""true"" class=""sb-rule sb-rule--thin pb5""/>","<div class=""grid grid--compactGutter""><div class=""gridItem text-center size6of12 md-size3of12 lg-size4of12 xl-size3of12"" data-e2e=""tile""><div class=""p3 prodTile___2HhoG linkOverlay mb3""><div class=""mb3 prodTileImageBlock___2ceLt""><div class=""relative""><div class=""block size12of12"" style=""padding-bottom: 100%;""></div><div class=""absoluteSpread""><div class=""relative height-100 mx-auto imageBlock___3sYZp""><img alt=""Caffè Americano"" class=""sb-imageFade__imagePositioning sb-imageFade__hideForFade"" role=""presentation"" src=""https://globalassets.starbucks.com/assets/f12bc8af498d45ed92c5d6f1dac64062.jpg?impolicy=1by1_tight_288""/><div class=""sb-imageFade__fallbackDiv sb-imageFade__fallback sb-imageFade__fallbackShow""></div></div></div></div></div><div class=""""><span class=""""><span aria-hidden=""true"" class=""text-sm"">Caffè Americano</span></span></div><a class=""block linkOverlay__primary prodTile"" data-e2e=""Caffè Americano"" href=""/menu/product/406/hot""><span class=""hiddenVisually"">Caffè Americano</span></a></div></div></div>"
1,"<h2 class=""sb-heading text-md pb3 text-bold"" tabindex=""-1"">Brewed Coffees</h2>","<hr aria-hidden=""true"" class=""sb-rule sb-rule--thin pb5""/>","<div class=""grid grid--compactGutter""><div class=""gridItem text-center size6of12 md-size3of12 lg-size4of12 xl-size3of12"" data-e2e=""tile""><div class=""p3 prodTile___2HhoG linkOverlay mb3""><div class=""mb3 prodTileImageBlock___2ceLt""><div class=""relative""><div class=""block size12of12"" style=""padding-bottom: 100%;""></div><div class=""absoluteSpread""><div class=""relative height-100 mx-auto imageBlock___3sYZp""><img alt=""Veranda Blend®"" class=""sb-imageFade__imagePositioning sb-imageFade__hideForFade"" role=""presentation"" src=""https://globalassets.starbucks.com/assets/2c8f40a3b37648539d74e271479b3f9a.jpg?impolicy=1by1_tight_288""/><div class=""sb-imageFade__fallbackDiv sb-imageFade__fallback sb-imageFade__fallbackShow""></div></div></div></div></div><div class=""""><span class=""""><span aria-hidden=""true"" class=""text-sm"">Veranda Blend®</span></span></div><a class=""block linkOverlay__primary prodTile"" data-e2e=""Veranda Blend®"" href=""/menu/product/873068625/hot""><span class=""hiddenVisually"">Veranda Blend®</span></a></div></div><div class=""gridItem text-center size6of12 md-size3of12 lg-size4of12 xl-size3of12"" data-e2e=""tile""><div class=""p3 prodTile___2HhoG linkOverlay mb3""><div class=""mb3 prodTileImageBlock___2ceLt""><div class=""relative""><div class=""block size12of12"" style=""padding-bottom: 100%;""></div><div class=""absoluteSpread""><div class=""relative height-100 mx-auto imageBlock___3sYZp""><img alt=""Caffè Misto"" class=""sb-imageFade__imagePositioning sb-imageFade__hideForFade"" role=""presentation"" src=""https://globalassets.starbucks.com/assets/d668acbc691b47249548a3eeac449916.jpg?impolicy=1by1_tight_288""/><div class=""sb-imageFade__fallbackDiv sb-imageFade__fallback sb-imageFade__fallbackShow""></div></div></div></div></div><div class=""""><span class=""""><span aria-hidden=""true"" class=""text-sm"">Caffè Misto</span></span></div><a class=""block linkOverlay__primary prodTile"" data-e2e=""Caffè Misto"" href=""/menu/product/478/hot""><span class=""hiddenVisually"">Caffè Misto</span></a></div></div><div class=""gridItem text-center size6of12 md-size3of12 lg-size4of12 xl-size3of12"" data-e2e=""tile""><div class=""p3 prodTile___2HhoG linkOverlay mb3""><div class=""mb3 prodTileImageBlock___2ceLt""><div class=""relative""><div class=""block size12of12"" style=""padding-bottom: 100%;""></div><div class=""absoluteSpread""><div class=""relative height-100 mx-auto imageBlock___3sYZp""><img alt=""Featured Starbucks® Dark Roast Coffee"" class=""sb-imageFade__imagePositioning sb-imageFade__hideForFade"" role=""presentation"" src=""https://globalassets.starbucks.com/assets/0279f9c5fa5941d2a65dd183d7a0b386.jpg?impolicy=1by1_tight_288""/><div class=""sb-imageFade__fallbackDiv sb-imageFade__fallback sb-imageFade__fallbackShow""></div></div></div></div></div><div class=""""><span class=""""><span aria-hidden=""true"" class=""text-sm"">Featured Starbucks® Dark Roast Coffee</span></span></div><a class=""block linkOverlay__primary prodTile"" data-e2e=""Featured Starbucks® Dark Roast Coffee"" href=""/menu/product/479/hot""><span class=""hiddenVisually"">Featured Starbucks® Dark Roast Coffee</span></a></div></div><div class=""gridItem text-center size6of12 md-size3of12 lg-size4of12 xl-size3of12"" data-e2e=""tile""><div class=""p3 prodTile___2HhoG linkOverlay mb3""><div class=""mb3 prodTileImageBlock___2ceLt""><div class=""relative""><div class=""block size12of12"" style=""padding-bottom: 100%;""></div><div class=""absoluteSpread""><div class=""relative height-100 mx-auto imageBlock___3sYZp""><img alt=""Featured Medium Roast - Pike Place® Roast"" class=""sb-imageFade__imagePositioning sb-imageFade__hideForFade"" role=""presentation"" src=""https://globalassets.starbucks.com/assets/bffaf0f27e124801abcabe09f05b0fb2.jpg?impolicy=1by1_tight_288""/><div class=""sb-imageFade__fallbackDiv sb-imageFade__fallback sb-imageFade__fallbackShow""></div></div></div></div></div><div class=""""><span class=""""><span aria-hidden=""true"" class=""text-sm"">Featured Medium Roast - Pike Place® Roast</span></span></div><a class=""block linkOverlay__primary prodTile"" data-e2e=""Featured Medium Roast - Pike Place® Roast"" href=""/menu/product/480/hot""><span class=""hiddenVisually"">Featured Medium Roast - Pike Place® Roast</span></a></div></div><div class=""gridItem text-center size6of12 md-size3of12 lg-size4of12 xl-size3of12"" data-e2e=""tile""><div class=""p3 prodTile___2HhoG linkOverlay mb3""><div class=""mb3 prodTileImageBlock___2ceLt""><div class=""relative""><div class=""block size12of12"" style=""padding-bottom: 100%;""></div><div class=""absoluteSpread""><div class=""relative height-100 mx-auto imageBlock___3sYZp""><img alt=""Decaf Pike Place® Roast"" class=""sb-imageFade__imagePositioning sb-imageFade__hideForFade"" role=""presentation"" src=""https://globalassets.starbucks.com/assets/51bf549cd8e9434da941fec33b820d39.jpg?impolicy=1by1_tight_288""/><div class=""sb-imageFade__fallbackDiv sb-imageFade__fallback sb-imageFade__fallbackShow""></div></div></div></div></div><div class=""""><span class=""""><span aria-hidden=""true"" class=""text-sm"">Decaf Pike Place® Roast</span></span></div><a class=""block linkOverlay__primary prodTile"" data-e2e=""Decaf Pike Place® Roast"" href=""/menu/product/481/hot""><span class=""hiddenVisually"">Decaf Pike Place® Roast</span></a></div></div></div>"
2,"<h2 class=""sb-heading text-md pb3 text-bold"" tabindex=""-1"">Cappuccinos</h2>","<hr aria-hidden=""true"" class=""sb-rule sb-rule--thin pb5""/>","<div class=""grid grid--compactGutter""><div class=""gridItem text-center size6of12 md-size3of12 lg-size4of12 xl-size3of12"" data-e2e=""tile""><div class=""p3 prodTile___2HhoG linkOverlay mb3""><div class=""mb3 prodTileImageBlock___2ceLt""><div class=""relative""><div class=""block size12of12"" style=""padding-bottom: 100%;""></div><div class=""absoluteSpread""></div></div></div><div class=""""><span class=""""><span aria-hidden=""true"" class=""text-sm"">Cappuccino</span></span></div><a class=""block linkOverlay__primary prodTile"" data-e2e=""Cappuccino"" href=""/menu/product/409/hot""><span class=""hiddenVisually"">Cappuccino</span></a></div></div></div>"
3,"<h2 class=""sb-heading text-md pb3 text-bold"" tabindex=""-1"">Espresso Shots</h2>","<hr aria-hidden=""true"" class=""sb-rule sb-rule--thin pb5""/>","<div class=""grid grid--compactGutter""><div class=""gridItem text-center size6of12 md-size3of12 lg-size4of12 xl-size3of12"" data-e2e=""tile""><div class=""p3 prodTile___2HhoG linkOverlay mb3""><div class=""mb3 prodTileImageBlock___2ceLt""><div class=""relative""><div class=""block size12of12"" style=""padding-bottom: 100%;""></div><div class=""absoluteSpread""></div></div></div><div class=""""><span class=""""><span aria-hidden=""true"" class=""text-sm"">Espresso</span></span></div><a class=""block linkOverlay__primary prodTile"" data-e2e=""Espresso"" href=""/menu/product/410/hot""><span class=""hiddenVisually"">Espresso</span></a></div></div><div class=""gridItem text-center size6of12 md-size3of12 lg-size4of12 xl-size3of12"" data-e2e=""tile""><div class=""p3 prodTile___2HhoG linkOverlay mb3""><div class=""mb3 prodTileImageBlock___2ceLt""><div class=""relative""><div class=""block size12of12"" style=""padding-bottom: 100%;""></div><div class=""absoluteSpread""></div></div></div><div class=""""><span class=""""><span aria-hidden=""true"" class=""text-sm"">Espresso Con Panna</span></span></div><a class=""block linkOverlay__primary prodTile"" data-e2e=""Espresso Con Panna"" href=""/menu/product/411/hot""><span class=""hiddenVisually"">Espresso Con Panna</span></a></div></div></div>"
4,"<h2 class=""sb-heading text-md pb3 text-bold"" tabindex=""-1"">Flat Whites</h2>","<hr aria-hidden=""true"" class=""sb-rule sb-rule--thin pb5""/>","<div class=""grid grid--compactGutter""><div class=""gridItem text-center size6of12 md-size3of12 lg-size4of12 xl-size3of12"" data-e2e=""tile""><div class=""p3 prodTile___2HhoG linkOverlay mb3""><div class=""mb3 prodTileImageBlock___2ceLt""><div class=""relative""><div class=""block size12of12"" style=""padding-bottom: 100%;""></div><div class=""absoluteSpread""></div></div></div><div class=""""><span class=""""><span aria-hidden=""true"" class=""text-sm"">Flat White</span></span></div><a class=""block linkOverlay__primary prodTile"" data-e2e=""Flat White"" href=""/menu/product/565/hot""><span class=""hiddenVisually"">Flat White</span></a></div></div><div class=""gridItem text-center size6of12 md-size3of12 lg-size4of12 xl-size3of12"" data-e2e=""tile""><div class=""p3 prodTile___2HhoG linkOverlay mb3""><div class=""mb3 prodTileImageBlock___2ceLt""><div class=""relative""><div class=""block size12of12"" style=""padding-bottom: 100%;""></div><div class=""absoluteSpread""></div></div></div><div class=""""><span class=""""><span aria-hidden=""true"" class=""text-sm"">Honey Almondmilk Flat White</span></span></div><a class=""block linkOverlay__primary prodTile"" data-e2e=""Honey Almondmilk Flat White"" href=""/menu/product/2123158/hot""><span class=""hiddenVisually"">Honey Almondmilk Flat White</span></a></div></div></div>"
5,"<h2 class=""sb-heading text-md pb3 text-bold"" tabindex=""-1"">Lattes</h2>","<hr aria-hidden=""true"" class=""sb-rule sb-rule--thin pb5""/>","<div class=""grid grid--compactGutter""><div class=""gridItem text-center size6of12 md-size3of12 lg-size4of12 xl-size3of12"" data-e2e=""tile""><div class=""p3 prodTile___2HhoG linkOverlay mb3""><div class=""mb3 prodTileImageBlock___2ceLt""><div class=""relative""><div class=""block size12of12"" style=""padding-bottom: 100%;""></div><div class=""absoluteSpread""></div></div></div><div class=""""><span class=""""><span aria-hidden=""true"" class=""text-sm"">Pumpkin Spice Latte</span></span></div><a class=""block linkOverlay__primary prodTile"" data-e2e=""Pumpkin Spice Latte"" href=""/menu/product/418/hot""><span class=""hiddenVisually"">Pumpkin Spice Latte</span></a></div></div><div class=""gridItem text-center size6of12 md-size3of12 lg-size4of12 xl-size3of12"" data-e2e=""tile""><div class=""p3 prodTile___2HhoG linkOverlay mb3""><div class=""mb3 prodTileImageBlock___2ceLt""><div class=""relative""><div class=""block size12of12"" style=""padding-bottom: 100%;""></div><div class=""absoluteSpread""></div></div></div><div class=""""><span class=""""><span aria-hidden=""true"" class=""text-sm"">Caramel Brulée Latte</span></span></div><a class=""block linkOverlay__primary prodTile"" data-e2e=""Caramel Brulée Latte"" href=""/menu/product/517/hot""><span class=""hiddenVisually"">Caramel Brulée Latte</span></a></div></div><div class=""gridItem text-center size6of12 md-size3of12 lg-size4of12 xl-size3of12"" data-e2e=""tile""><div class=""p3 prodTile___2HhoG linkOverlay mb3""><div class=""mb3 prodTileImageBlock___2ceLt""><div class=""relative""><div class=""block size12of12"" style=""padding-bottom: 100%;""></div><div class=""absoluteSpread""></div></div></div><div class=""""><span class=""""><span aria-hidden=""true"" class=""text-sm"">Chestnut Praline Latte</span></span></div><a class=""block linkOverlay__primary prodTile"" data-e2e=""Chestnut Praline Latte"" href=""/menu/product/873068661/hot""><span class=""hiddenVisually"">Chestnut Praline Latte</span></a></div></div><div class=""gridItem text-center size6of12 md-size3of12 lg-size4of12 xl-size3of12"" data-e2e=""tile""><div class=""p3 prodTile___2HhoG linkOverlay mb3""><div class=""mb3 prodTileImageBlock___2ceLt""><div class=""relative""><div class=""block size12of12"" style=""padding-bottom: 100%;""></div><div class=""absoluteSpread""></div></div></div><div class=""""><span class=""""><span aria-hidden=""true"" class=""text-sm"">Sugar Cookie Almondmilk Latte</span></span></div><a class=""block linkOverlay__primary prodTile"" data-e2e=""Sugar Cookie Almondmilk Latte"" href=""/menu/product/2123591/hot""><span class=""hiddenVisually"">Sugar Cookie Almondmilk Latte</span></a></div></div><div class=""gridItem text-center size6of12 md-size3of12 lg-size4of12 xl-size3of12"" data-e2e=""tile""><div class=""p3 prodTile___2HhoG linkOverlay mb3""><div class=""mb3 prodTileImageBlock___2ceLt""><div class=""relative""><div class=""block size12of12"" style=""padding-bottom: 100%;""></div><div class=""absoluteSpread""></div></div></div><div class=""""><span class=""""><span aria-hidden=""true"" class=""text-sm"">Caffè Latte</span></span></div><a class=""block linkOverlay__primary prodTile"" data-e2e=""Caffè Latte"" href=""/menu/product/407/hot""><span class=""hiddenVisually"">Caffè Latte</span></a></div></div><div class=""gridItem text-center size6of12 md-size3of12 lg-size4of12 xl-size3of12"" data-e2e=""tile""><div class=""p3 prodTile___2HhoG linkOverlay mb3""><div class=""mb3 prodTileImageBlock___2ceLt""><div class=""relative""><div class=""block size12of12"" style=""padding-bottom: 100%;""></div><div class=""absoluteSpread""></div></div></div><div class=""""><span class=""""><span aria-hidden=""true"" class=""text-sm"">Cinnamon Dolce Latte</span></span></div><a class=""block linkOverlay__primary prodTile"" data-e2e=""Cinnamon Dolce Latte"" href=""/menu/product/414/hot""><span class=""hiddenVisually"">Cinnamon Dolce Latte</span></a></div></div><div class=""gridItem text-center size6of12 md-size3of12 lg-size4of12 xl-size3of12"" data-e2e=""tile""><div class=""p3 prodTile___2HhoG linkOverlay mb3""><div class=""mb3 prodTileImageBlock___2ceLt""><div class=""relative""><div class=""block size12of12"" style=""padding-bottom: 100%;""></div><div class=""absoluteSpread""></div></div></div><div class=""""><span class=""""><span aria-hidden=""true"" class=""text-sm"">Starbucks Reserve® Latte</span></span></div><a class=""block linkOverlay__primary prodTile"" data-e2e=""Starbucks Reserve® Latte"" href=""/menu/product/2122614/hot""><span class=""hiddenVisually"">Starbucks Reserve® Latte</span></a></div></div><div class=""gridItem text-center size6of12 md-size3of12 lg-size4of12 xl-size3of12"" data-e2e=""tile""><div class=""p3 prodTile___2HhoG linkOverlay mb3""><div class=""mb3 prodTileImageBlock___2ceLt""><div class=""relative""><div class=""block size12of12"" style=""padding-bottom: 100%;""></div><div class=""absoluteSpread""></div></div></div><div class=""""><span class=""""><span aria-hidden=""true"" class=""text-sm"">Starbucks Reserve® Hazelnut Bianco Latte</span></span></div><a class=""block linkOverlay__primary prodTile"" data-e2e=""Starbucks Reserve® Hazelnut Bianco Latte"" href=""/menu/product/2122617/hot""><span class=""hiddenVisually"">Starbucks Reserve® Hazelnut Bianco Latte</span></a></div></div><div class=""gridItem text-center size6of12 md-size3of12 lg-size4of12 xl-size3of12"" data-e2e=""tile""><div class=""p3 prodTile___2HhoG linkOverlay mb3""><div class=""mb3 prodTileImageBlock___2ceLt""><div class=""relative""><div class=""block size12of12"" style=""padding-bottom: 100%;""></div><div class=""absoluteSpread""></div></div></div><div class=""""><span class=""""><span aria-hidden=""true"" class=""text-sm"">Starbucks® Blonde Vanilla Latte</span></span></div><a class=""block linkOverlay__primary prodTile"" data-e2e=""Starbucks® Blonde Vanilla Latte"" href=""/menu/product/2122164/hot""><span class=""hiddenVisually"">Starbucks® Blonde Vanilla Latte</span></a></div></div></div>"
6,"<h2 class=""sb-heading text-md pb3 text-bold"" tabindex=""-1"">Macchiatos</h2>","<hr aria-hidden=""true"" class=""sb-rule sb-rule--thin pb5""/>","<div class=""grid grid--compactGutter""><div class=""gridItem text-center size6of12 md-size3of12 lg-size4of12 xl-size3of12"" data-e2e=""tile""><div class=""p3 prodTile___2HhoG linkOverlay mb3""><div class=""mb3 prodTileImageBlock___2ceLt""><div class=""relative""><div class=""block size12of12"" style=""padding-bottom: 100%;""></div><div class=""absoluteSpread""></div></div></div><div class=""""><span class=""""><span aria-hidden=""true"" class=""text-sm"">Apple Crisp Oatmilk Macchiato</span></span></div><a class=""block linkOverlay__primary prodTile"" data-e2e=""Apple Crisp Oatmilk Macchiato"" href=""/menu/product/2123563/hot""><span class=""hiddenVisually"">Apple Crisp Oatmilk Macchiato</span></a></div></div><div class=""gridItem text-center size6of12 md-size3of12 lg-size4of12 xl-size3of12"" data-e2e=""tile""><div class=""p3 prodTile___2HhoG linkOverlay mb3""><div class=""mb3 prodTileImageBlock___2ceLt""><div class=""relative""><div class=""block size12of12"" style=""padding-bottom: 100%;""></div><div class=""absoluteSpread""></div></div></div><div class=""""><span class=""""><span aria-hidden=""true"" class=""text-sm"">Caramel Macchiato</span></span></div><a class=""block linkOverlay__primary prodTile"" data-e2e=""Caramel Macchiato"" href=""/menu/product/413/hot""><span class=""hiddenVisually"">Caramel Macchiato</span></a></div></div><div class=""gridItem text-center size6of12 md-size3of12 lg-size4of12 xl-size3of12"" data-e2e=""tile""><div class=""p3 prodTile___2HhoG linkOverlay mb3""><div class=""mb3 prodTileImageBlock___2ceLt""><div class=""relative""><div class=""block size12of12"" style=""padding-bottom: 100%;""></div><div class=""absoluteSpread""></div></div></div><div class=""""><span class=""""><span aria-hidden=""true"" class=""text-sm"">Espresso Macchiato</span></span></div><a class=""block linkOverlay__primary prodTile"" data-e2e=""Espresso Macchiato"" href=""/menu/product/412/hot""><span class=""hiddenVisually"">Espresso Macchiato</span></a></div></div></div>"
7,"<h2 class=""sb-heading text-md pb3 text-bold"" tabindex=""-1"">Mochas</h2>","<hr aria-hidden=""true"" class=""sb-rule sb-rule--thin pb5""/>","<div class=""grid grid--compactGutter""><div class=""gridItem text-center size6of12 md-size3of12 lg-size4of12 xl-size3of12"" data-e2e=""tile""><div class=""p3 prodTile___2HhoG linkOverlay mb3""><div class=""mb3 prodTileImageBlock___2ceLt""><div class=""relative""><div class=""block size12of12"" style=""padding-bottom: 100%;""></div><div class=""absoluteSpread""></div></div></div><div class=""""><span class=""""><span aria-hidden=""true"" class=""text-sm"">Peppermint Mocha</span></span></div><a class=""block linkOverlay__primary prodTile"" data-e2e=""Peppermint Mocha"" href=""/menu/product/496/hot""><span class=""hiddenVisually"">Peppermint Mocha</span></a></div></div><div class=""gridItem text-center size6of12 md-size3of12 lg-size4of12 xl-size3of12"" data-e2e=""tile""><div class=""p3 prodTile___2HhoG linkOverlay mb3""><div class=""mb3 prodTileImageBlock___2ceLt""><div class=""relative""><div class=""block size12of12"" style=""padding-bottom: 100%;""></div><div class=""absoluteSpread""></div></div></div><div class=""""><span class=""""><span aria-hidden=""true"" class=""text-sm"">Peppermint White Chocolate Mocha</span></span></div><a class=""block linkOverlay__primary prodTile"" data-e2e=""Peppermint White Chocolate Mocha"" href=""/menu/product/497/hot""><span class=""hiddenVisually"">Peppermint White Chocolate Mocha</span></a></div></div><div class=""gridItem text-center size6of12 md-size3of12 lg-size4of12 xl-size3of12"" data-e2e=""tile""><div class=""p3 prodTile___2HhoG linkOverlay mb3""><div class=""mb3 prodTileImageBlock___2ceLt""><div class=""relative""><div class=""block size12of12"" style=""padding-bottom: 100%;""></div><div class=""absoluteSpread""></div></div></div><div class=""""><span class=""""><span aria-hidden=""true"" class=""text-sm"">Toasted White Chocolate Mocha</span></span></div><a class=""block linkOverlay__primary prodTile"" data-e2e=""Toasted White Chocolate Mocha"" href=""/menu/product/2122482/hot""><span class=""hiddenVisually"">Toasted White Chocolate Mocha</span></a></div></div><div class=""gridItem text-center size6of12 md-size3of12 lg-size4of12 xl-size3of12"" data-e2e=""tile""><div class=""p3 prodTile___2HhoG linkOverlay mb3""><div class=""mb3 prodTileImageBlock___2ceLt""><div class=""relative""><div class=""block size12of12"" style=""padding-bottom: 100%;""></div><div class=""absoluteSpread""></div></div></div><div class=""""><span class=""""><span aria-hidden=""true"" class=""text-sm"">Caffè Mocha</span></span></div><a class=""block linkOverlay__primary prodTile"" data-e2e=""Caffè Mocha"" href=""/menu/product/408/hot""><span class=""hiddenVisually"">Caffè Mocha</span></a></div></div><div class=""gridItem text-center size6of12 md-size3of12 lg-size4of12 xl-size3of12"" data-e2e=""tile""><div class=""p3 prodTile___2HhoG linkOverlay mb3""><div class=""mb3 prodTileImageBlock___2ceLt""><div class=""relative""><div class=""block size12of12"" style=""padding-bottom: 100%;""></div><div class=""absoluteSpread""></div></div></div><div class=""""><span class=""""><span aria-hidden=""true"" class=""text-sm"">Starbucks Reserve® Dark Chocolate Mocha</span></span></div><a class=""block linkOverlay__primary prodTile"" data-e2e=""Starbucks Reserve® Dark Chocolate Mocha"" href=""/menu/product/2122615/hot""><span class=""hiddenVisually"">Starbucks Reserve® Dark Chocolate Mocha</span></a></div></div><div class=""gridItem text-center size6of12 md-size3of12 lg-size4of12 xl-size3of12"" data-e2e=""tile""><div class=""p3 prodTile___2HhoG linkOverlay mb3""><div class=""mb3 prodTileImageBlock___2ceLt""><div class=""relative""><div class=""block size12of12"" style=""padding-bottom: 100%;""></div><div class=""absoluteSpread""></div></div></div><div class=""""><span class=""""><span aria-hidden=""true"" class=""text-sm"">White Chocolate Mocha</span></span></div><a class=""block linkOverlay__primary prodTile"" data-e2e=""White Chocolate Mocha"" href=""/menu/product/420/hot""><span class=""hiddenVisually"">White Chocolate Mocha</span></a></div></div></div>"
8,"<h2 class=""sb-heading text-md pb3 text-bold"" tabindex=""-1"">Clover® Brewed Coffees</h2>","<hr aria-hidden=""true"" class=""sb-rule sb-rule--thin pb5""/>","<div class=""grid grid--compactGutter""><div class=""gridItem text-center size6of12 md-size3of12 lg-size4of12 xl-size3of12"" data-e2e=""tile""><div class=""p3 prodTile___2HhoG linkOverlay mb3""><div class=""mb3 prodTileImageBlock___2ceLt""><div class=""relative""><div class=""block size12of12"" style=""padding-bottom: 100%;""></div><div class=""absoluteSpread""></div></div></div><div class=""""><span class=""""><span aria-hidden=""true"" class=""text-sm"">Starbucks Reserve® Christmas 2022 Clover®</span></span></div><a class=""block linkOverlay__primary prodTile"" data-e2e=""Starbucks Reserve® Christmas 2022 Clover®"" href=""/menu/product/2121648/hot""><span class=""hiddenVisually"">Starbucks Reserve® Christmas 2022 Clover®</span></a></div></div><div class=""gridItem text-center size6of12 md-size3of12 lg-size4of12 xl-size3of12"" data-e2e=""tile""><div class=""p3 prodTile___2HhoG linkOverlay mb3""><div class=""mb3 prodTileImageBlock___2ceLt""><div class=""relative""><div class=""block size12of12"" style=""padding-bottom: 100%;""></div><div class=""absoluteSpread""></div></div></div><div class=""""><span class=""""><span aria-hidden=""true"" class=""text-sm"">Hawai‘i Ka‘u Clover® Starbucks Reserve®</span></span></div><a class=""block linkOverlay__primary prodTile"" data-e2e=""Hawai‘i Ka‘u Clover® Starbucks Reserve®"" href=""/menu/product/2121525/hot""><span class=""hiddenVisually"">Hawai‘i Ka‘u Clover® Starbucks Reserve®</span></a></div></div><div class=""gridItem text-center size6of12 md-size3of12 lg-size4of12 xl-size3of12"" data-e2e=""tile""><div class=""p3 prodTile___2HhoG linkOverlay mb3""><div class=""mb3 prodTileImageBlock___2ceLt""><div class=""relative""><div class=""block size12of12"" style=""padding-bottom: 100%;""></div><div class=""absoluteSpread""></div></div></div><div class=""""><span class=""""><span aria-hidden=""true"" class=""text-sm"">Sun-Dried Zambia Ngoli Estate Clover® Starbucks Reserve®</span></span></div><a class=""block linkOverlay__primary prodTile"" data-e2e=""Sun-Dried Zambia Ngoli Estate Clover® Starbucks Reserve®"" href=""/menu/product/2123681/hot""><span class=""hiddenVisually"">Sun-Dried Zambia Ngoli Estate Clover® Starbucks Reserve®</span></a></div></div><div class=""gridItem text-center size6of12 md-size3of12 lg-size4of12 xl-size3of12"" data-e2e=""tile""><div class=""p3 prodTile___2HhoG linkOverlay mb3""><div class=""mb3 prodTileImageBlock___2ceLt""><div class=""relative""><div class=""block size12of12"" style=""padding-bottom: 100%;""></div><div class=""absoluteSpread""></div></div></div><div class=""""><span class=""""><span aria-hidden=""true"" class=""text-sm"">Vietnam Da Lat Clover® Starbucks Reserve®</span></span></div><a class=""block linkOverlay__primary prodTile"" data-e2e=""Vietnam Da Lat Clover® Starbucks Reserve®"" href=""/menu/product/2121563/hot""><span class=""hiddenVisually"">Vietnam Da Lat Clover® Starbucks Reserve®</span></a></div></div><div class=""gridItem text-center size6of12 md-size3of12 lg-size4of12 xl-size3of12"" data-e2e=""tile""><div class=""p3 prodTile___2HhoG linkOverlay mb3""><div class=""mb3 prodTileImageBlock___2ceLt""><div class=""relative""><div class=""block size12of12"" style=""padding-bottom: 100%;""></div><div class=""absoluteSpread""></div></div></div><div class=""""><span class=""""><span aria-hidden=""true"" class=""text-sm"">Clover® Starbucks Reserve® Costa Rica Naranjo</span></span></div><a class=""block linkOverlay__primary prodTile"" data-e2e=""Clover® Starbucks Reserve® Costa Rica Naranjo"" href=""/menu/product/2123277/hot""><span class=""hiddenVisually"">Clover® Starbucks Reserve® Costa Rica Naranjo</span></a></div></div><div class=""gridItem text-center size6of12 md-size3of12 lg-size4of12 xl-size3of12"" data-e2e=""tile""><div class=""p3 prodTile___2HhoG linkOverlay mb3""><div class=""mb3 prodTileImageBlock___2ceLt""><div class=""relative""><div class=""block size12of12"" style=""padding-bottom: 100%;""></div><div class=""absoluteSpread""></div></div></div><div class=""""><span class=""""><span aria-hidden=""true"" class=""text-sm"">Clover Brewed® Pike Place® Roast</span></span></div><a class=""block linkOverlay__primary prodTile"" data-e2e=""Clover Brewed® Pike Place® Roast"" href=""/menu/product/2121629/hot""><span class=""hiddenVisually"">Clover Brewed® Pike Place® Roast</span></a></div></div><div class=""gridItem text-center size6of12 md-size3of12 lg-size4of12 xl-size3of12"" data-e2e=""tile""><div class=""p3 prodTile___2HhoG linkOverlay mb3""><div class=""mb3 prodTileImageBlock___2ceLt""><div class=""relative""><div class=""block size12of12"" style=""padding-bottom: 100%;""></div><div class=""absoluteSpread""></div></div></div><div class=""""><span class=""""><span aria-hidden=""true"" class=""text-sm"">Organic Yukon Blend® Clover®</span></span></div><a class=""block linkOverlay__primary prodTile"" data-e2e=""Organic Yukon Blend® Clover®"" href=""/menu/product/2121631/hot""><span class=""hiddenVisually"">Organic Yukon Blend® Clover®</span></a></div></div><div class=""gridItem text-center size6of12 md-size3of12 lg-size4of12 xl-size3of12"" data-e2e=""tile""><div class=""p3 prodTile___2HhoG linkOverlay mb3""><div class=""mb3 prodTileImageBlock___2ceLt""><div class=""relative""><div class=""block size12of12"" style=""padding-bottom: 100%;""></div><div class=""absoluteSpread""></div></div></div><div class=""""><span class=""""><span aria-hidden=""true"" class=""text-sm"">Clover Brewed® Gold Coast Blend®</span></span></div><a class=""block linkOverlay__primary prodTile"" data-e2e=""Clover Brewed® Gold Coast Blend®"" href=""/menu/product/2121585/hot""><span class=""hiddenVisually"">Clover Brewed® Gold Coast Blend®</span></a></div></div><div class=""gridItem text-center size6of12 md-size3of12 lg-size4of12 xl-size3of12"" data-e2e=""tile""><div class=""p3 prodTile___2HhoG linkOverlay mb3""><div class=""mb3 prodTileImageBlock___2ceLt""><div class=""relative""><div class=""block size12of12"" style=""padding-bottom: 100%;""></div><div class=""absoluteSpread""></div></div></div><div class=""""><span class=""""><span aria-hidden=""true"" class=""text-sm"">Clover Brewed® Breakfast Blend</span></span></div><a class=""block linkOverlay__primary prodTile"" data-e2e=""Clover Brewed® Breakfast Blend"" href=""/menu/product/2121581/hot""><span class=""hiddenVisually"">Clover Brewed® Breakfast Blend</span></a></div></div><div class=""gridItem text-center size6of12 md-size3of12 lg-size4of12 xl-size3of12"" data-e2e=""tile""><div class=""p3 prodTile___2HhoG linkOverlay mb3""><div class=""mb3 prodTileImageBlock___2ceLt""><div class=""relative""><div class=""block size12of12"" style=""padding-bottom: 100%;""></div><div class=""absoluteSpread""></div></div></div><div class=""""><span class=""""><span aria-hidden=""true"" class=""text-sm"">Kenya Clover®</span></span></div><a class=""block linkOverlay__primary prodTile"" data-e2e=""Kenya Clover®"" href=""/menu/product/2121588/hot""><span class=""hiddenVisually"">Kenya Clover®</span></a></div></div><div class=""gridItem text-center size6of12 md-size3of12 lg-size4of12 xl-size3of12"" data-e2e=""tile""><div class=""p3 prodTile___2HhoG linkOverlay mb3""><div class=""mb3 prodTileImageBlock___2ceLt""><div class=""relative""><div class=""block size12of12"" style=""padding-bottom: 100%;""></div><div class=""absoluteSpread""></div></div></div><div class=""""><span class=""""><span aria-hidden=""true"" class=""text-sm"">Veranda Blend® Clover®</span></span></div><a class=""block linkOverlay__primary prodTile"" data-e2e=""Veranda Blend® Clover®"" href=""/menu/product/2121635/hot""><span class=""hiddenVisually"">Veranda Blend® Clover®</span></a></div></div><div class=""gridItem text-center size6of12 md-size3of12 lg-size4of12 xl-size3of12"" data-e2e=""tile""><div class=""p3 prodTile___2HhoG linkOverlay mb3""><div class=""mb3 prodTileImageBlock___2ceLt""><div class=""relative""><div class=""block size12of12"" style=""padding-bottom: 100%;""></div><div class=""absoluteSpread""></div></div></div><div class=""""><span class=""""><span aria-hidden=""true"" class=""text-sm"">Clover Brewed® Starbucks Willow Blend</span></span></div><a class=""block linkOverlay__primary prodTile"" data-e2e=""Clover Brewed® Starbucks Willow Blend"" href=""/menu/product/2121637/hot""><span class=""hiddenVisually"">Clover Brewed® Starbucks Willow Blend</span></a></div></div><div class=""gridItem text-center size6of12 md-size3of12 lg-size4of12 xl-size3of12"" data-e2e=""tile""><div class=""p3 prodTile___2HhoG linkOverlay mb3""><div class=""mb3 prodTileImageBlock___2ceLt""><div class=""relative""><div class=""block size12of12"" style=""padding-bottom: 100%;""></div><div class=""absoluteSpread""></div></div></div><div class=""""><span class=""""><span aria-hidden=""true"" class=""text-sm"">Decaf Sumatra Clover®</span></span></div><a class=""block linkOverlay__primary prodTile"" data-e2e=""Decaf Sumatra Clover®"" href=""/menu/product/2121633/hot""><span class=""hiddenVisually"">Decaf Sumatra Clover®</span></a></div></div><div class=""gridItem text-center size6of12 md-size3of12 lg-size4of12 xl-size3of12"" data-e2e=""tile""><div class=""p3 prodTile___2HhoG linkOverlay mb3""><div class=""mb3 prodTileImageBlock___2ceLt""><div class=""relative""><div class=""block size12of12"" style=""padding-bottom: 100%;""></div><div class=""absoluteSpread""></div></div></div><div class=""""><span class=""""><span aria-hidden=""true"" class=""text-sm"">Caffé Verona® Clover®</span></span></div><a class=""block linkOverlay__primary prodTile"" data-e2e=""Caffé Verona® Clover®"" href=""/menu/product/2121636/hot""><span class=""hiddenVisually"">Caffé Verona® Clover®</span></a></div></div><div class=""gridItem text-center size6of12 md-size3of12 lg-size4of12 xl-size3of12"" data-e2e=""tile""><div class=""p3 prodTile___2HhoG linkOverlay mb3""><div class=""mb3 prodTileImageBlock___2ceLt""><div class=""relative""><div class=""block size12of12"" style=""padding-bottom: 100%;""></div><div class=""absoluteSpread""></div></div></div><div class=""""><span class=""""><span aria-hidden=""true"" class=""text-sm"">Clover Brewed® Decaf Pike Place® Roast</span></span></div><a class=""block linkOverlay__primary prodTile"" data-e2e=""Clover Brewed® Decaf Pike Place® Roast"" href=""/menu/product/2121748/hot""><span class=""hiddenVisually"">Clover Brewed® Decaf Pike Place® Roast</span></a></div></div><div class=""gridItem text-center size6of12 md-size3of12 lg-size4of12 xl-size3of12"" data-e2e=""tile""><div class=""p3 prodTile___2HhoG linkOverlay mb3""><div class=""mb3 prodTileImageBlock___2ceLt""><div class=""relative""><div class=""block size12of12"" style=""padding-bottom: 100%;""></div><div class=""absoluteSpread""></div></div></div><div class=""""><span class=""""><span aria-hidden=""true"" class=""text-sm"">Espresso Roast Clover®</span></span></div><a class=""block linkOverlay__primary prodTile"" data-e2e=""Espresso Roast Clover®"" href=""/menu/product/2121582/hot""><span class=""hiddenVisually"">Espresso Roast Clover®</span></a></div></div><div class=""gridItem text-center size6of12 md-size3of12 lg-size4of12 xl-size3of12"" data-e2e=""tile""><div class=""p3 prodTile___2HhoG linkOverlay mb3""><div class=""mb3 prodTileImageBlock___2ceLt""><div class=""relative""><div class=""block size12of12"" style=""padding-bottom: 100%;""></div><div class=""absoluteSpread""></div></div></div><div class=""""><span class=""""><span aria-hidden=""true"" class=""text-sm"">Decaf Espresso Roast Clover®</span></span></div><a class=""block linkOverlay__primary prodTile"" data-e2e=""Decaf Espresso Roast Clover®"" href=""/menu/product/2121632/hot""><span class=""hiddenVisually"">Decaf Espresso Roast Clover®</span></a></div></div><div class=""gridItem text-center size6of12 md-size3of12 lg-size4of12 xl-size3of12"" data-e2e=""tile""><div class=""p3 prodTile___2HhoG linkOverlay mb3""><div class=""mb3 prodTileImageBlock___2ceLt""><div class=""relative""><div class=""block size12of12"" style=""padding-bottom: 100%;""></div><div class=""absoluteSpread""></div></div></div><div class=""""><span class=""""><span aria-hidden=""true"" class=""text-sm"">Ethiopia Clover®</span></span></div><a class=""block linkOverlay__primary prodTile"" data-e2e=""Ethiopia Clover®"" href=""/menu/product/2121583/hot""><span class=""hiddenVisually"">Ethiopia Clover®</span></a></div></div><div class=""gridItem text-center size6of12 md-size3of12 lg-size4of12 xl-size3of12"" data-e2e=""tile""><div class=""p3 prodTile___2HhoG linkOverlay mb3""><div class=""mb3 prodTileImageBlock___2ceLt""><div class=""relative""><div class=""block size12of12"" style=""padding-bottom: 100%;""></div><div class=""absoluteSpread""></div></div></div><div class=""""><span class=""""><span aria-hidden=""true"" class=""text-sm"">French Roast Clover®</span></span></div><a class=""block linkOverlay__primary prodTile"" data-e2e=""French Roast Clover®"" href=""/menu/product/2121584/hot""><span class=""hiddenVisually"">French Roast Clover®</span></a></div></div><div class=""gridItem text-center size6of12 md-size3of12 lg-size4of12 xl-size3of12"" data-e2e=""tile""><div class=""p3 prodTile___2HhoG linkOverlay mb3""><div class=""mb3 prodTileImageBlock___2ceLt""><div class=""relative""><div class=""block size12of12"" style=""padding-bottom: 100%;""></div><div class=""absoluteSpread""></div></div></div><div class=""""><span class=""""><span aria-hidden=""true"" class=""text-sm"">Italian Roast Clover®</span></span></div><a class=""block linkOverlay__primary prodTile"" data-e2e=""Italian Roast Clover®"" href=""/menu/product/2121587/hot""><span class=""hiddenVisually"">Italian Roast Clover®</span></a></div></div><div class=""gridItem text-center size6of12 md-size3of12 lg-size4of12 xl-size3of12"" data-e2e=""tile""><div class=""p3 prodTile___2HhoG linkOverlay mb3""><div class=""mb3 prodTileImageBlock___2ceLt""><div class=""relative""><div class=""block size12of12"" style=""padding-bottom: 100%;""></div><div class=""absoluteSpread""></div></div></div><div class=""""><span class=""""><span aria-hidden=""true"" class=""text-sm"">Komodo Dragon Clover®</span></span></div><a class=""block linkOverlay__primary prodTile"" data-e2e=""Komodo Dragon Clover®"" href=""/menu/product/2122377/hot""><span class=""hiddenVisually"">Komodo Dragon Clover®</span></a></div></div><div class=""gridItem text-center size6of12 md-size3of12 lg-size4of12 xl-size3of12"" data-e2e=""tile""><div class=""p3 prodTile___2HhoG linkOverlay mb3""><div class=""mb3 prodTileImageBlock___2ceLt""><div class=""relative""><div class=""block size12of12"" style=""padding-bottom: 100%;""></div><div class=""absoluteSpread""></div></div></div><div class=""""><span class=""""><span aria-hidden=""true"" class=""text-sm"">Sumatra Clover®</span></span></div><a class=""block linkOverlay__primary prodTile"" data-e2e=""Sumatra Clover®"" href=""/menu/product/2121630/hot""><span class=""hiddenVisually"">Sumatra Clover®</span></a></div></div></div>"
9,"<h2 class=""sb-heading text-md pb3 text-bold"" tabindex=""-1"">Coffee Travelers</h2>","<hr aria-hidden=""true"" class=""sb-rule sb-rule--thin pb5""/>","<div class=""grid grid--compactGutter""><div class=""gridItem text-center size6of12 md-size3of12 lg-size4of12 xl-size3of12"" data-e2e=""tile""><div class=""p3 prodTile___2HhoG linkOverlay mb3""><div class=""mb3 prodTileImageBlock___2ceLt""><div class=""relative""><div class=""block size12of12"" style=""padding-bottom: 100%;""></div><div class=""absoluteSpread""></div></div></div><div class=""""><span class=""""><span aria-hidden=""true"" class=""text-sm"">Coffee Traveler - Veranda Blend®</span></span></div><a class=""block linkOverlay__primary prodTile"" data-e2e=""Coffee Traveler - Veranda Blend®"" href=""/menu/product/873068654/hot""><span class=""hiddenVisually"">Coffee Traveler - Veranda Blend®</span></a></div></div><div class=""gridItem text-center size6of12 md-size3of12 lg-size4of12 xl-size3of12"" data-e2e=""tile""><div class=""p3 prodTile___2HhoG linkOverlay mb3""><div class=""mb3 prodTileImageBlock___2ceLt""><div class=""relative""><div class=""block size12of12"" style=""padding-bottom: 100%;""></div><div class=""absoluteSpread""></div></div></div><div class=""""><span class=""""><span aria-hidden=""true"" class=""text-sm"">Coffee Traveler - Dark Roast</span></span></div><a class=""block linkOverlay__primary prodTile"" data-e2e=""Coffee Traveler - Dark Roast"" href=""/menu/product/873068656/hot""><span class=""hiddenVisually"">Coffee Traveler - Dark Roast</span></a></div></div><div class=""gridItem text-center size6of12 md-size3of12 lg-size4of12 xl-size3of12"" data-e2e=""tile""><div class=""p3 prodTile___2HhoG linkOverlay mb3""><div class=""mb3 prodTileImageBlock___2ceLt""><div class=""relative""><div class=""block size12of12"" style=""padding-bottom: 100%;""></div><div class=""absoluteSpread""></div></div></div><div class=""""><span class=""""><span aria-hidden=""true"" class=""text-sm"">Coffee Traveler - Pike Place® Roast</span></span></div><a class=""block linkOverlay__primary prodTile"" data-e2e=""Coffee Traveler - Pike Place® Roast"" href=""/menu/product/873068655/hot""><span class=""hiddenVisually"">Coffee Traveler - Pike Place® Roast</span></a></div></div><div class=""gridItem text-center size6of12 md-size3of12 lg-size4of12 xl-size3of12"" data-e2e=""tile""><div class=""p3 prodTile___2HhoG linkOverlay mb3""><div class=""mb3 prodTileImageBlock___2ceLt""><div class=""relative""><div class=""block size12of12"" style=""padding-bottom: 100%;""></div><div class=""absoluteSpread""></div></div></div><div class=""""><span class=""""><span aria-hidden=""true"" class=""text-sm"">Coffee Traveler - Decaf Pike Place® Roast</span></span></div><a class=""block linkOverlay__primary prodTile"" data-e2e=""Coffee Traveler - Decaf Pike Place® Roast"" href=""/menu/product/873068657/hot""><span class=""hiddenVisually"">Coffee Traveler - Decaf Pike Place® Roast</span></a></div></div></div>"
